,ts_code,trade_date,open,high,low,close,pre_close,change,pct_chg,vol,amount
0,002288.SZ,20190507,4.68,4.84,4.5,4.74,4.68,0.0600000000000005,1.28,246622.87,115625.708
1,002288.SZ,20190506,5.0,5.0,4.68,4.68,5.2,-0.5200000000000005,-10.0,287127.0,138150.312
2,002288.SZ,20190430,5.02,5.44,5.0,5.2,5.25,-0.04999999999999982,-0.95,293752.01,154026.25
3,002288.SZ,20190429,5.8,5.95,5.22,5.25,5.79,-0.54,-9.33,543804.27,300527.608
4,002288.SZ,20190426,5.42,5.9,5.4,5.79,5.59,0.20000000000000018,3.58,496002.0,285106.475
5,002288.SZ,20190425,5.69,5.98,5.55,5.59,5.73,-0.14000000000000057,-2.44,509369.96,294250.49
6,002288.SZ,20190424,5.46,5.75,5.38,5.73,5.59,0.14000000000000057,2.5,407377.33,229768.391
7,002288.SZ,20190423,6.0,6.06,5.59,5.59,6.21,-0.6200000000000001,-9.98,767656.59,442116.623
8,002288.SZ,20190422,5.98,6.53,5.98,6.21,5.94,0.2699999999999996,4.55,1136357.36,719180.056
9,002288.SZ,20190419,5.61,5.99,5.6,5.94,5.65,0.29000000000000004,5.13,674260.02,394156.783
10,002288.SZ,20190418,5.64,5.73,5.52,5.65,5.65,0.0,0.0,303275.02,171210.639
11,002288.SZ,20190417,5.7,5.78,5.61,5.65,5.68,-0.02999999999999936,-0.53,355422.99,201997.785
12,002288.SZ,20190416,5.34,5.76,5.2,5.68,5.34,0.33999999999999986,6.37,469351.73,259932.977
13,002288.SZ,20190415,5.37,5.48,5.31,5.34,5.25,0.08999999999999986,1.71,218625.52,118200.67
14,002288.SZ,20190412,5.35,5.4,5.21,5.25,5.41,-0.16000000000000014,-2.96,253316.92,133835.068
15,002288.SZ,20190411,5.51,5.55,5.4,5.41,5.5,-0.08999999999999986,-1.64,168291.0,91860.451
16,002288.SZ,20190410,5.57,5.59,5.44,5.5,5.55,-0.04999999999999982,-0.9,178709.2,98237.439
17,002288.SZ,20190409,5.51,5.62,5.41,5.55,5.49,0.05999999999999961,1.09,191326.2,106127.051
18,002288.SZ,20190408,5.67,5.71,5.35,5.49,5.66,-0.16999999999999993,-3.0,318393.53,175938.476
19,002288.SZ,20190404,5.77,5.81,5.65,5.66,5.77,-0.10999999999999943,-1.91,293113.68,167446.977
20,002288.SZ,20190403,5.65,5.85,5.61,5.77,5.69,0.07999999999999918,1.41,411474.11,236128.424
21,002288.SZ,20190402,5.74,5.78,5.61,5.69,5.73,-0.040000000000000036,-0.7,395121.59,224745.22
22,002288.SZ,20190401,5.5,5.78,5.46,5.73,5.57,0.16000000000000014,2.87,415439.47,235441.432
23,002288.SZ,20190329,5.42,5.58,5.37,5.57,5.44,0.1299999999999999,2.39,274586.02,150871.506
24,002288.SZ,20190328,5.46,5.67,5.41,5.44,5.54,-0.09999999999999964,-1.81,275880.02,152759.285
25,002288.SZ,20190327,5.45,5.59,5.33,5.54,5.37,0.16999999999999993,3.17,313436.39,172281.674
26,002288.SZ,20190326,5.73,5.79,5.37,5.37,5.71,-0.33999999999999986,-5.95,373425.4,206856.904
27,002288.SZ,20190325,5.78,5.86,5.7,5.71,5.92,-0.20999999999999996,-3.55,356096.07,205421.038
28,002288.SZ,20190322,5.86,6.0,5.71,5.92,5.91,0.009999999999999787,0.17,422383.06,246978.227
29,002288.SZ,20190321,5.85,6.02,5.75,5.91,5.84,0.07000000000000028,1.2,522276.62,308769.812
30,002288.SZ,20190320,5.92,5.92,5.63,5.84,5.92,-0.08000000000000007,-1.35,415807.41,240025.182
31,002288.SZ,20190319,5.88,6.08,5.79,5.92,5.85,0.07000000000000028,1.2,428830.16,254707.519
32,002288.SZ,20190318,5.76,5.88,5.52,5.85,5.78,0.0699999999999994,1.21,443151.2,252742.332
33,002288.SZ,20190315,5.83,6.02,5.6,5.78,5.95,-0.16999999999999993,-2.86,612429.77,358378.129
34,002288.SZ,20190314,6.3,6.46,5.95,5.95,6.61,-0.6600000000000001,-9.98,854433.27,520630.523
35,002288.SZ,20190313,6.36,6.89,6.24,6.61,6.45,0.16000000000000014,2.48,1340842.76,883615.955
36,002288.SZ,20190312,6.42,6.55,6.3,6.45,6.52,-0.0699999999999994,-1.07,1077723.58,692740.379
37,002288.SZ,20190311,6.25,6.6,6.21,6.52,6.25,0.2699999999999996,4.32,1217000.28,784361.86
38,002288.SZ,20190308,5.98,6.6,5.54,6.25,6.15,0.09999999999999964,1.63,1363578.32,845181.546
39,002288.SZ,20190307,6.06,6.41,5.96,6.15,6.1,0.05000000000000071,0.82,994155.65,616153.835
40,002288.SZ,20190306,6.14,6.18,5.91,6.1,6.17,-0.07000000000000028,-1.13,971488.55,586094.484
41,002288.SZ,20190305,5.83,6.2,5.68,6.17,5.81,0.3600000000000003,6.2,1024591.3,615483.267
42,002288.SZ,20190304,5.74,6.02,5.72,5.81,5.71,0.09999999999999964,1.75,777808.32,457803.926
43,002288.SZ,20190301,5.64,5.74,5.35,5.71,5.59,0.1200000000000001,2.15,538623.01,301246.67
44,002288.SZ,20190228,5.61,5.77,5.5,5.59,5.61,-0.020000000000000462,-0.36,531757.48,299715.469
45,002288.SZ,20190227,5.88,6.04,5.45,5.61,6.06,-0.4499999999999993,-7.43,1074590.03,615481.844
46,002288.SZ,20190226,6.2,6.37,6.0,6.06,6.43,-0.3700000000000001,-5.75,1351428.11,834879.174
47,002288.SZ,20190225,6.05,6.48,5.86,6.43,5.89,0.54,9.17,1383531.67,872719.293
48,002288.SZ,20190222,5.69,6.1,5.5,5.89,5.68,0.20999999999999996,3.7,1181618.95,682573.022
49,002288.SZ,20190221,5.48,5.99,5.36,5.68,5.52,0.16000000000000014,2.9,1261351.27,719895.192
50,002288.SZ,20190220,5.48,5.67,5.38,5.52,5.69,-0.17000000000000082,-2.99,999435.27,551651.339
51,002288.SZ,20190219,5.55,5.89,5.22,5.69,5.51,0.1800000000000006,3.27,1703780.12,952257.102
52,002288.SZ,20190218,4.92,5.51,4.92,5.51,5.01,0.5,9.98,1617743.04,863158.607
53,002288.SZ,20190215,5.26,5.68,4.98,5.01,5.16,-0.15000000000000036,-2.91,1791758.64,962221.89
54,002288.SZ,20190214,5.02,5.16,4.78,5.16,4.69,0.46999999999999975,10.02,809165.23,403774.73
55,002288.SZ,20190213,4.29,4.69,4.29,4.69,4.26,0.4300000000000006,10.09,518317.03,237063.135
56,002288.SZ,20190212,4.2,4.38,4.17,4.26,4.21,0.04999999999999982,1.19,417925.24,177978.212
57,002288.SZ,20190211,4.11,4.25,4.05,4.21,4.08,0.1299999999999999,3.19,333024.33,139150.603
58,002288.SZ,20190201,3.91,4.15,3.85,4.08,3.82,0.26000000000000023,6.81,323327.0,129170.335
59,002288.SZ,20190131,4.0,4.12,3.68,3.82,4.04,-0.2200000000000002,-5.45,475325.43,185810.76
60,002288.SZ,20190130,4.38,4.44,4.04,4.04,4.49,-0.4500000000000002,-10.02,572165.72,241126.976
61,002288.SZ,20190129,4.43,4.55,4.29,4.49,4.46,0.03000000000000025,0.67,407148.12,181447.242
62,002288.SZ,20190128,4.8,4.84,4.46,4.46,4.79,-0.33000000000000007,-6.89,585437.08,268790.782
63,002288.SZ,20190125,4.67,4.97,4.56,4.79,4.75,0.040000000000000036,0.84,856951.39,409635.651
64,002288.SZ,20190124,4.99,5.1,4.73,4.75,4.73,0.019999999999999574,0.42,1221849.89,602273.384
65,002288.SZ,20190123,4.34,4.73,4.25,4.73,4.3,0.4300000000000006,10.0,498122.74,225809.037
66,002288.SZ,20190122,4.37,4.4,4.26,4.3,4.37,-0.07000000000000028,-1.6,225016.0,96835.93
67,002288.SZ,20190121,4.32,4.42,4.21,4.37,4.32,0.04999999999999982,1.16,269723.04,117126.652
68,002288.SZ,20190118,4.48,4.5,4.26,4.32,4.57,-0.25,-5.47,497876.0,216680.555
69,002288.SZ,20190117,4.5,4.65,4.48,4.57,4.49,0.08000000000000007,1.78,469831.08,214862.388
70,002288.SZ,20190116,4.58,4.64,4.46,4.49,4.53,-0.040000000000000036,-0.88,347221.06,157776.713
71,002288.SZ,20190115,4.61,4.62,4.43,4.53,4.64,-0.10999999999999943,-2.37,416058.08,187459.061
72,002288.SZ,20190114,4.76,4.76,4.5,4.64,4.78,-0.14000000000000057,-2.93,479517.06,220990.68
73,002288.SZ,20190111,4.59,4.85,4.59,4.78,4.63,0.15000000000000036,3.24,660294.76,314655.736
74,002288.SZ,20190110,4.75,4.86,4.6,4.63,4.8,-0.16999999999999993,-3.54,607369.04,285624.354
75,002288.SZ,20190109,4.83,4.96,4.65,4.8,4.89,-0.08999999999999986,-1.84,886015.4,426979.675
76,002288.SZ,20190108,4.7,5.01,4.55,4.89,4.68,0.20999999999999996,4.49,1042708.22,500751.877
77,002288.SZ,20190107,4.77,4.88,4.6,4.68,4.58,0.09999999999999964,2.18,1136536.85,538256.89
78,002288.SZ,20190104,4.17,4.58,4.16,4.58,4.16,0.41999999999999993,10.1,872874.37,386678.093
79,002288.SZ,20190103,4.34,4.54,4.15,4.16,4.34,-0.17999999999999972,-4.15,621330.08,270090.752
80,002288.SZ,20190102,4.2,4.41,4.18,4.34,4.51,-0.16999999999999993,-3.77,664876.76,286349.622
81,002288.SZ,20181228,4.47,4.59,4.26,4.51,4.56,-0.04999999999999982,-1.1,743920.47,329285.239
82,002288.SZ,20181227,5.1,5.13,4.55,4.56,5.06,-0.5,-9.88,907597.94,438336.166
83,002288.SZ,20181226,4.76,5.15,4.76,5.06,4.91,0.14999999999999947,3.05,1147979.24,577066.128
84,002288.SZ,20181225,4.7,5.01,4.51,4.91,4.88,0.03000000000000025,0.61,948771.92,450322.298
85,002288.SZ,20181224,4.67,5.0,4.54,4.88,4.83,0.04999999999999982,1.04,1084560.86,514896.513
86,002288.SZ,20181221,4.74,5.14,4.71,4.83,4.69,0.13999999999999968,2.99,1707429.25,838153.272
87,002288.SZ,20181220,4.2,4.69,4.17,4.69,4.26,0.4300000000000006,10.09,1553470.05,714556.615
88,002288.SZ,20181219,4.18,4.41,4.11,4.26,4.21,0.04999999999999982,1.19,945504.56,405051.848
89,002288.SZ,20181218,4.18,4.26,4.09,4.21,4.19,0.019999999999999574,0.48,549349.07,229297.706
90,002288.SZ,20181217,4.1,4.21,4.06,4.19,4.08,0.11000000000000032,2.7,547482.51,226436.135
91,002288.SZ,20181214,4.42,4.44,4.04,4.08,4.39,-0.3099999999999996,-7.06,865832.54,364967.156
92,002288.SZ,20181213,4.47,4.49,4.36,4.39,4.52,-0.1299999999999999,-2.88,697903.86,308616.187
93,002288.SZ,20181212,4.43,4.53,4.34,4.52,4.45,0.0699999999999994,1.57,890329.85,396716.358
94,002288.SZ,20181211,4.51,4.52,4.37,4.45,4.46,-0.009999999999999787,-0.22,702361.04,312065.29
95,002288.SZ,20181210,4.55,4.62,4.41,4.46,4.58,-0.1200000000000001,-2.62,903963.06,407229.896
96,002288.SZ,20181207,5.01,5.07,4.56,4.58,5.07,-0.4900000000000002,-9.66,1387552.06,664205.917
97,002288.SZ,20181206,5.4,5.5,5.07,5.07,5.63,-0.5599999999999996,-9.95,1270219.83,657215.328
98,002288.SZ,20181205,5.63,5.87,5.63,5.63,6.25,-0.6200000000000001,-9.92,1016894.15,577749.017
99,002288.SZ,20181204,5.9,6.25,5.68,6.25,5.68,0.5700000000000003,10.04,2070239.33,1260940.33
100,002288.SZ,20181203,5.5,5.68,5.42,5.68,5.16,0.5199999999999996,10.08,625873.8,349913.341
101,002288.SZ,20181130,4.82,5.16,4.55,5.16,4.69,0.46999999999999975,10.02,1712944.54,839262.871
102,002288.SZ,20181129,4.02,4.69,4.02,4.69,4.26,0.4300000000000006,10.09,1289817.99,586976.37
103,002288.SZ,20181128,4.26,4.26,3.67,4.26,3.87,0.3899999999999997,10.08,1136946.51,458854.214
104,002288.SZ,20181127,3.87,3.87,3.82,3.87,3.52,0.3500000000000001,9.94,298884.11,115663.671
105,002288.SZ,20181126,3.16,3.52,3.12,3.52,3.2,0.31999999999999984,10.0,312259.03,108092.759
106,002288.SZ,20181123,3.36,3.44,3.2,3.2,3.44,-0.23999999999999977,-6.98,265403.0,87158.438
107,002288.SZ,20181122,3.32,3.56,3.27,3.44,3.33,0.10999999999999988,3.3,302745.0,103143.323
108,002288.SZ,20181121,3.2,3.33,3.13,3.33,3.26,0.07000000000000028,2.15,186229.3,60935.192
109,002288.SZ,20181120,3.35,3.38,3.25,3.26,3.45,-0.1900000000000004,-5.51,252663.32,83583.232
110,002288.SZ,20181119,3.58,3.58,3.39,3.45,3.58,-0.1299999999999999,-3.63,443686.73,153134.478
111,002288.SZ,20181116,3.29,3.58,3.25,3.58,3.25,0.33000000000000007,10.15,464726.51,158550.401
112,002288.SZ,20181115,3.23,3.29,3.21,3.25,3.23,0.020000000000000018,0.62,185253.0,60155.78
113,002288.SZ,20181114,3.28,3.35,3.2,3.23,3.28,-0.04999999999999982,-1.52,253390.02,82355.735
114,002288.SZ,20181113,3.12,3.33,3.06,3.28,3.15,0.1299999999999999,4.13,366252.34,118869.393
115,002288.SZ,20181112,2.95,3.24,2.94,3.15,2.95,0.19999999999999973,6.78,335073.53,104680.432
116,002288.SZ,20181109,2.94,2.98,2.9,2.95,2.96,-0.009999999999999787,-0.34,180463.0,53094.95
117,002288.SZ,20181108,2.88,3.01,2.87,2.96,2.86,0.10000000000000009,3.5,295035.43,86965.483
118,002288.SZ,20181107,2.92,2.93,2.85,2.86,2.91,-0.050000000000000266,-1.72,189802.0,54875.743
119,002288.SZ,20181106,2.9,2.93,2.84,2.91,2.94,-0.029999999999999805,-1.02,182806.99,52575.077
120,002288.SZ,20181105,2.9,3.0,2.85,2.94,2.87,0.06999999999999984,2.44,288600.0,84386.834
121,002288.SZ,20181102,2.9,2.94,2.83,2.87,2.8,0.07000000000000028,2.5,223813.0,64127.503
122,002288.SZ,20181101,2.79,2.92,2.77,2.8,2.77,0.029999999999999805,1.08,291567.89,82843.789
123,002288.SZ,20181031,2.77,2.82,2.7,2.77,2.73,0.040000000000000036,1.47,247778.35,68761.973
124,002288.SZ,20181030,2.63,2.82,2.63,2.73,2.63,0.10000000000000009,3.8,229865.04,62216.452
125,002288.SZ,20181029,2.69,2.77,2.62,2.63,2.71,-0.08000000000000007,-2.95,175983.9,47245.878
126,002288.SZ,20181026,2.68,2.81,2.67,2.71,2.75,-0.040000000000000036,-1.45,323875.31,88596.786
127,002288.SZ,20181025,2.74,2.85,2.72,2.75,2.85,-0.10000000000000009,-3.51,487275.6,135720.618
128,002288.SZ,20181024,2.6,2.85,2.59,2.85,2.59,0.26000000000000023,10.04,438845.18,121027.302
129,002288.SZ,20181023,2.64,2.69,2.57,2.59,2.63,-0.040000000000000036,-1.52,235948.62,61870.283
130,002288.SZ,20181022,2.55,2.7,2.52,2.63,2.45,0.17999999999999972,7.35,346571.46,90397.382
131,002288.SZ,20181019,2.3,2.48,2.28,2.45,2.37,0.08000000000000007,3.38,251644.13,60537.694
132,002288.SZ,20181018,2.55,2.56,2.36,2.37,2.57,-0.19999999999999973,-7.78,295910.9,72631.51
133,002288.SZ,20181017,2.57,2.61,2.49,2.57,2.54,0.029999999999999805,1.18,245989.44,62977.833
134,002288.SZ,20181016,2.66,2.67,2.49,2.54,2.63,-0.08999999999999986,-3.42,259757.14,66783.332
135,002288.SZ,20181015,2.75,2.8,2.6,2.63,2.78,-0.1499999999999999,-5.4,250548.9,68042.049
136,002288.SZ,20181012,2.72,2.85,2.72,2.78,3.02,-0.2400000000000002,-7.95,484973.2,133264.297
137,002288.SZ,20181011,3.23,3.23,3.02,3.02,3.36,-0.33999999999999986,-10.12,118111.16,36605.093
138,002288.SZ,20181010,3.5,3.53,3.26,3.36,3.51,-0.1499999999999999,-4.27,121559.17,40934.511
139,002288.SZ,20181009,3.66,3.67,3.51,3.51,3.66,-0.15000000000000036,-4.1,71708.92,25604.251
140,002288.SZ,20181008,3.72,3.72,3.62,3.66,3.76,-0.09999999999999964,-2.66,44355.0,16306.474
141,002288.SZ,20180928,3.74,3.76,3.71,3.76,3.73,0.029999999999999805,0.8,37137.0,13871.296
142,002288.SZ,20180927,3.79,3.8,3.71,3.73,3.78,-0.04999999999999982,-1.32,40534.0,15235.492
143,002288.SZ,20180926,3.75,3.82,3.75,3.78,3.79,-0.010000000000000231,-0.26,34083.02,12928.94
144,002288.SZ,20180925,3.85,3.85,3.79,3.79,3.88,-0.08999999999999986,-2.32,49663.0,18930.468
145,002288.SZ,20180921,3.86,3.9,3.79,3.88,3.89,-0.010000000000000231,-0.26,82369.0,31620.54
146,002288.SZ,20180920,3.71,3.94,3.7,3.89,3.74,0.1499999999999999,4.01,159699.71,61353.287
147,002288.SZ,20180919,3.75,3.77,3.68,3.74,3.77,-0.029999999999999805,-0.8,95900.0,35703.775
148,002288.SZ,20180918,3.76,3.78,3.65,3.77,3.76,0.010000000000000231,0.27,51635.0,19182.045
149,002288.SZ,20180917,3.83,3.84,3.73,3.76,3.86,-0.10000000000000009,-2.59,44684.8,16843.179
150,002288.SZ,20180914,3.9,3.9,3.82,3.86,3.91,-0.050000000000000266,-1.28,54058.0,20837.831
151,002288.SZ,20180913,3.92,3.93,3.86,3.91,3.91,0.0,0.0,37140.0,14465.654
152,002288.SZ,20180912,3.89,3.93,3.87,3.91,3.91,0.0,0.0,40164.0,15633.825
153,002288.SZ,20180911,3.86,3.92,3.84,3.91,3.92,-0.009999999999999787,-0.26,40464.06,15690.636
154,002288.SZ,20180910,3.99,3.99,3.91,3.92,4.01,-0.08999999999999986,-2.24,47028.0,18535.103
155,002288.SZ,20180907,3.96,4.02,3.92,4.01,3.99,0.019999999999999574,0.5,80971.0,32119.09
156,002288.SZ,20180906,3.92,3.99,3.84,3.99,3.92,0.07000000000000028,1.79,59630.0,23352.039
157,002288.SZ,20180905,3.99,3.99,3.9,3.92,3.99,-0.07000000000000028,-1.75,54736.0,21521.156
158,002288.SZ,20180904,3.96,4.01,3.92,3.99,3.98,0.010000000000000231,0.25,48861.0,19400.404
159,002288.SZ,20180903,3.93,3.99,3.82,3.98,3.92,0.06000000000000005,1.53,59282.0,23091.992
160,002288.SZ,20180831,3.98,3.98,3.9,3.92,4.0,-0.08000000000000007,-2.0,36925.0,14543.835
161,002288.SZ,20180830,4.0,4.01,3.96,4.0,4.02,-0.019999999999999574,-0.5,51565.0,20560.25
162,002288.SZ,20180829,4.01,4.02,3.96,4.02,4.03,-0.010000000000000675,-0.25,57426.0,22931.847
163,002288.SZ,20180828,4.04,4.06,4.01,4.03,4.04,-0.009999999999999787,-0.25,67053.0,27095.301
164,002288.SZ,20180827,4.02,4.12,4.02,4.04,4.03,0.009999999999999787,0.25,93110.0,37870.52
165,002288.SZ,20180824,4.02,4.05,3.99,4.03,4.04,-0.009999999999999787,-0.25,57957.0,23301.444
166,002288.SZ,20180823,4.06,4.07,4.0,4.04,4.04,0.0,0.0,52372.0,21098.598
167,002288.SZ,20180822,4.08,4.1,4.01,4.04,4.11,-0.07000000000000028,-1.7,51310.0,20716.407
168,002288.SZ,20180821,4.05,4.11,4.04,4.11,4.05,0.0600000000000005,1.48,38224.0,15604.9
169,002288.SZ,20180820,4.05,4.09,4.0,4.05,4.07,-0.020000000000000462,-0.49,54373.06,21927.674
170,002288.SZ,20180817,4.13,4.14,4.05,4.07,4.11,-0.040000000000000036,-0.97,52578.02,21458.376
171,002288.SZ,20180816,4.0,4.11,3.99,4.11,4.11,0.0,0.0,53087.0,21633.864
172,002288.SZ,20180815,4.21,4.21,4.1,4.11,4.21,-0.09999999999999964,-2.38,51156.68,21183.109
173,002288.SZ,20180814,4.25,4.26,4.18,4.21,4.28,-0.07000000000000028,-1.64,64796.0,27270.703
174,002288.SZ,20180813,4.13,4.29,4.1,4.28,4.18,0.10000000000000053,2.39,105038.42,44334.918
175,002288.SZ,20180810,4.11,4.2,4.11,4.18,4.12,0.05999999999999961,1.46,64714.0,26946.699
176,002288.SZ,20180809,4.1,4.22,4.09,4.12,4.13,-0.009999999999999787,-0.24,91932.52,38335.229
177,002288.SZ,20180808,4.13,4.15,4.08,4.13,4.13,0.0,0.0,29880.1,12301.575
178,002288.SZ,20180807,4.09,4.16,4.06,4.13,4.07,0.05999999999999961,1.47,47945.86,19699.068
179,002288.SZ,20180806,4.15,4.17,4.04,4.07,4.19,-0.1200000000000001,-2.86,35956.1,14743.803
180,002288.SZ,20180803,4.11,4.19,4.05,4.19,4.12,0.07000000000000028,1.7,60649.89,24936.214
181,002288.SZ,20180802,4.14,4.16,3.86,4.12,4.14,-0.019999999999999574,-0.48,118397.99,47709.509
182,002288.SZ,20180801,4.24,4.26,4.14,4.14,4.23,-0.09000000000000075,-2.13,47621.0,20013.682
183,002288.SZ,20180731,4.2,4.25,4.1,4.23,4.25,-0.019999999999999574,-0.47,53090.0,22354.44
184,002288.SZ,20180730,4.37,4.37,4.14,4.25,4.35,-0.09999999999999964,-2.3,98202.56,41459.603
185,002288.SZ,20180727,4.46,4.51,4.09,4.35,4.51,-0.16000000000000014,-3.55,173896.17,75277.568
186,002288.SZ,20180726,4.39,4.55,4.39,4.51,4.42,0.08999999999999986,2.04,149770.19,67275.178
187,002288.SZ,20180725,4.43,4.48,4.38,4.42,4.5,-0.08000000000000007,-1.78,97404.48,43181.643
188,002288.SZ,20180724,4.49,4.52,4.41,4.5,4.46,0.040000000000000036,0.9,134126.61,59973.903
189,002288.SZ,20180723,4.42,4.47,4.34,4.46,4.45,0.009999999999999787,0.22,144632.59,63915.066
190,002288.SZ,20180720,4.45,4.54,4.36,4.45,4.52,-0.0699999999999994,-1.55,205727.55,90892.512
191,002288.SZ,20180719,4.74,4.84,4.43,4.52,4.87,-0.35000000000000053,-7.19,345123.9,159936.33
192,002288.SZ,20180718,4.68,4.87,4.52,4.87,4.43,0.4400000000000004,9.93,440645.19,213393.509
193,002288.SZ,20180717,4.38,4.49,4.33,4.43,4.36,0.0699999999999994,1.61,61691.2,27288.421
194,002288.SZ,20180716,4.32,4.42,4.32,4.36,4.36,0.0,0.0,41776.0,18325.769
195,002288.SZ,20180713,4.35,4.38,4.34,4.36,4.38,-0.019999999999999574,-0.46,31066.87,13524.0
196,002288.SZ,20180712,4.32,4.47,4.26,4.38,4.3,0.08000000000000007,1.86,71888.87,31496.643
197,002288.SZ,20180711,4.32,4.54,4.24,4.3,4.36,-0.0600000000000005,-1.38,74185.3,32187.174
198,002288.SZ,20180710,4.31,4.39,4.29,4.36,4.35,0.010000000000000675,0.23,38817.81,16821.741
199,002288.SZ,20180709,4.31,4.41,4.22,4.35,4.28,0.0699999999999994,1.64,89034.66,38377.462
200,002288.SZ,20180706,4.09,4.28,3.94,4.28,4.12,0.16000000000000014,3.88,117796.68,48671.879
201,002288.SZ,20180705,4.18,4.19,4.01,4.12,4.21,-0.08999999999999986,-2.14,53037.91,21772.175
202,002288.SZ,20180704,4.23,4.25,4.13,4.21,4.26,-0.04999999999999982,-1.17,44745.0,18739.127
203,002288.SZ,20180703,4.24,4.28,4.16,4.26,4.24,0.019999999999999574,0.47,50105.0,21175.177
204,002288.SZ,20180702,4.27,4.27,4.16,4.24,4.25,-0.009999999999999787,-0.24,51369.1,21716.286
205,002288.SZ,20180629,4.14,4.28,4.12,4.25,4.14,0.11000000000000032,2.66,64042.1,26977.169
206,002288.SZ,20180628,4.18,4.26,4.13,4.14,4.2,-0.0600000000000005,-1.43,38184.0,16017.521
207,002288.SZ,20180627,4.23,4.25,4.16,4.2,4.23,-0.03000000000000025,-0.71,37852.0,15875.143
208,002288.SZ,20180626,4.1,4.23,4.03,4.23,4.23,0.0,0.0,62008.0,25970.119
209,002288.SZ,20180625,4.33,4.35,4.18,4.23,4.36,-0.1299999999999999,-2.98,100272.48,42599.152
210,002288.SZ,20180622,4.01,4.36,3.98,4.36,4.08,0.28000000000000025,6.86,132349.28,55222.035
211,002288.SZ,20180621,4.22,4.26,4.02,4.08,4.4,-0.3200000000000003,-7.27,193659.16,80312.312
212,002288.SZ,20180620,4.64,4.68,4.21,4.4,4.68,-0.27999999999999936,-5.98,261329.2,112153.04
213,002288.SZ,20180619,4.88,4.88,4.59,4.68,4.9,-0.22000000000000064,-4.49,104540.02,49370.63
214,002288.SZ,20180615,4.91,4.91,4.74,4.9,4.89,0.010000000000000675,0.2,68734.2,33334.809
215,002288.SZ,20180614,4.89,4.92,4.85,4.89,4.9,-0.010000000000000675,-0.2,33115.2,16158.67
216,002288.SZ,20180613,4.95,4.95,4.85,4.9,4.9,0.0,0.0,44530.59,21759.508
217,002288.SZ,20180612,4.9,4.93,4.86,4.9,4.93,-0.02999999999999936,-0.61,35749.59,17510.364
218,002288.SZ,20180611,4.9,4.95,4.87,4.93,4.93,0.0,0.0,55752.0,27324.019
219,002288.SZ,20180608,4.87,4.95,4.78,4.93,4.9,0.02999999999999936,0.61,69090.0,33633.642
220,002288.SZ,20180607,4.95,4.95,4.86,4.9,4.96,-0.05999999999999961,-1.21,55630.0,27244.302
221,002288.SZ,20180606,5.01,5.01,4.81,4.96,5.01,-0.04999999999999982,-1.0,121661.14,59592.633
222,002288.SZ,20180605,5.01,5.05,4.96,5.01,5.03,-0.020000000000000462,-0.4,97809.31,48915.571
223,002288.SZ,20180604,4.88,5.05,4.8,5.03,4.9,0.1299999999999999,2.65,157874.28,77755.332
224,002288.SZ,20180601,4.8,4.92,4.72,4.9,4.91,-0.009999999999999787,-0.2,156824.02,76000.001
225,002288.SZ,20180531,5.5,5.5,4.89,4.91,5.43,-0.5199999999999996,-9.58,546898.95,272403.268
226,002288.SZ,20180530,5.7,5.7,5.41,5.43,5.71,-0.28000000000000025,-4.9,75057.38,41635.718
227,002288.SZ,20180529,5.74,5.77,5.67,5.71,5.75,-0.040000000000000036,-0.7,44026.16,25163.077
228,002288.SZ,20180528,5.73,5.76,5.66,5.75,5.72,0.03000000000000025,0.52,51416.87,29381.09
229,002288.SZ,20180525,5.75,5.75,5.67,5.72,5.72,0.0,0.0,41148.79,23480.434
230,002288.SZ,20180524,5.72,5.78,5.66,5.72,5.74,-0.020000000000000462,-0.35,60246.0,34400.23
231,002288.SZ,20180523,5.84,5.84,5.66,5.74,5.83,-0.08999999999999986,-1.54,145267.53,83309.81
232,002288.SZ,20180522,5.88,5.9,5.77,5.83,5.87,-0.040000000000000036,-0.68,118721.34,68979.316
233,002288.SZ,20180521,5.92,5.95,5.84,5.87,5.92,-0.04999999999999982,-0.84,111726.05,65599.977
234,002288.SZ,20180518,5.75,5.94,5.73,5.92,5.84,0.08000000000000007,1.37,154145.8,90049.117
235,002288.SZ,20180517,5.9,5.98,5.69,5.84,5.86,-0.020000000000000462,-0.34,204946.88,118830.501
236,002288.SZ,20180516,5.7,5.92,5.64,5.86,5.71,0.15000000000000036,2.63,266887.0,154912.283
237,002288.SZ,20180515,5.59,5.72,5.54,5.71,5.62,0.08999999999999986,1.6,202878.8,114242.142
238,002288.SZ,20180514,5.41,5.64,5.36,5.62,5.4,0.21999999999999975,4.07,249865.56,138218.654
239,002288.SZ,20180511,5.4,5.41,5.34,5.4,5.42,-0.019999999999999574,-0.37,78750.2,42249.897
240,002288.SZ,20180510,5.44,5.45,5.36,5.42,5.45,-0.03000000000000025,-0.55,89829.2,48490.578
241,002288.SZ,20180509,5.38,5.46,5.37,5.45,5.4,0.04999999999999982,0.93,114637.2,62238.005
242,002288.SZ,20180508,5.37,5.42,5.34,5.4,5.38,0.020000000000000462,0.37,88547.4,47693.497
243,002288.SZ,20180507,5.32,5.5,5.3,5.38,5.36,0.019999999999999574,0.37,100350.4,54010.866
244,002288.SZ,20180504,5.3,5.44,5.29,5.36,5.29,0.07000000000000028,1.32,117173.4,62934.351
245,002288.SZ,20180503,5.25,5.31,5.18,5.29,5.27,0.020000000000000462,0.38,55541.12,29158.934
246,002288.SZ,20180502,5.28,5.33,5.2,5.27,5.28,-0.010000000000000675,-0.19,52580.69,27636.62
247,002288.SZ,20180427,5.28,5.36,5.22,5.28,5.3,-0.019999999999999574,-0.38,77512.74,40854.282
248,002288.SZ,20180426,5.3,5.35,5.18,5.3,5.37,-0.07000000000000028,-1.3,143273.4,75625.248
249,002288.SZ,20180425,5.34,5.46,5.24,5.37,5.32,0.04999999999999982,0.94,170325.93,91327.35
250,002288.SZ,20180424,5.2,5.44,5.16,5.32,5.22,0.10000000000000053,1.92,105921.36,55984.72
251,002288.SZ,20180423,5.16,5.25,5.07,5.22,5.2,0.019999999999999574,0.38,72486.12,37498.641
252,002288.SZ,20180420,5.24,5.31,5.13,5.2,5.28,-0.08000000000000007,-1.52,117325.74,61206.4
253,002288.SZ,20180419,5.3,5.36,5.26,5.28,5.39,-0.10999999999999943,-2.04,154257.02,81888.092
254,002288.SZ,20180418,5.24,5.48,5.18,5.39,5.23,0.15999999999999925,3.06,250492.79,134262.776
255,002288.SZ,20180417,5.29,5.32,5.15,5.23,5.26,-0.02999999999999936,-0.57,68851.08,35998.331
256,002288.SZ,20180416,5.23,5.35,5.17,5.26,5.26,0.0,0.0,86505.22,45503.328
257,002288.SZ,20180413,5.28,5.37,5.19,5.26,5.25,0.009999999999999787,0.19,88994.0,47023.213
258,002288.SZ,20180412,5.21,5.27,5.2,5.25,5.25,0.0,0.0,71234.14,37319.037
259,002288.SZ,20180411,5.37,5.39,5.24,5.25,5.32,-0.07000000000000028,-1.32,96260.0,51133.631
260,002288.SZ,20180410,5.38,5.39,5.27,5.32,5.36,-0.040000000000000036,-0.75,68051.16,36254.209
261,002288.SZ,20180409,5.47,5.47,5.31,5.36,5.49,-0.1299999999999999,-2.37,154428.32,82948.577
262,002288.SZ,20180404,5.38,5.5,5.26,5.49,5.34,0.15000000000000036,2.81,225038.0,120972.398
263,002288.SZ,20180403,5.22,5.42,5.11,5.34,5.31,0.03000000000000025,0.56,150630.94,78753.923
264,002288.SZ,20180402,5.27,5.36,5.21,5.31,5.27,0.040000000000000036,0.76,133148.15,70644.543
265,002288.SZ,20180330,5.16,5.3,5.14,5.27,5.13,0.13999999999999968,2.73,89243.43,46529.719
266,002288.SZ,20180329,5.13,5.18,5.1,5.13,5.13,0.0,0.0,59842.02,30722.047
267,002288.SZ,20180328,5.06,5.15,5.06,5.13,5.17,-0.040000000000000036,-0.77,73423.0,37410.199
268,002288.SZ,20180327,5.06,5.22,5.06,5.17,5.05,0.1200000000000001,2.38,83434.12,42934.085
269,002288.SZ,20180326,4.97,5.06,4.93,5.05,5.08,-0.03000000000000025,-0.59,107776.94,53718.292
270,002288.SZ,20180323,5.13,5.15,4.93,5.08,5.26,-0.17999999999999972,-3.42,141920.57,71567.228
271,002288.SZ,20180322,5.35,5.35,5.23,5.26,5.32,-0.0600000000000005,-1.13,113111.84,59617.171
272,002288.SZ,20180321,5.27,5.39,5.25,5.32,5.27,0.05000000000000071,0.95,102639.5,54676.617
273,002288.SZ,20180320,5.25,5.33,5.19,5.27,5.31,-0.040000000000000036,-0.75,101037.4,53201.957
274,002288.SZ,20180319,5.23,5.38,5.16,5.31,5.29,0.019999999999999574,0.38,138590.34,73144.993
275,002288.SZ,20180316,5.31,5.39,5.28,5.29,5.35,-0.05999999999999961,-1.12,91910.19,49049.796
276,002288.SZ,20180315,5.32,5.37,5.13,5.35,5.37,-0.020000000000000462,-0.37,132084.81,69547.285
277,002288.SZ,20180314,5.44,5.48,5.35,5.37,5.42,-0.04999999999999982,-0.92,82941.1,44811.285
278,002288.SZ,20180313,5.5,5.5,5.38,5.42,5.53,-0.11000000000000032,-1.99,148362.64,80656.646
279,002288.SZ,20180312,5.33,5.7,5.27,5.53,5.34,0.1900000000000004,3.56,275047.6,148986.65
280,002288.SZ,20180309,5.22,5.38,5.22,5.34,5.18,0.16000000000000014,3.09,188326.07,100093.325
281,002288.SZ,20180308,5.14,5.25,5.14,5.18,5.15,0.02999999999999936,0.58,70155.97,36409.765
282,002288.SZ,20180307,5.24,5.27,5.1,5.15,5.27,-0.11999999999999922,-2.28,102463.96,53195.633
283,002288.SZ,20180306,5.3,5.32,5.2,5.27,5.37,-0.10000000000000053,-1.86,186596.02,97948.943
284,002288.SZ,20180305,5.19,5.42,5.11,5.37,5.16,0.20999999999999996,4.07,183308.65,97151.5
285,002288.SZ,20180302,5.07,5.19,5.04,5.16,5.1,0.0600000000000005,1.18,123551.35,63456.558
286,002288.SZ,20180301,5.0,5.12,4.95,5.1,5.06,0.040000000000000036,0.79,137175.83,69537.368
287,002288.SZ,20180228,5.0,5.13,4.9,5.06,5.15,-0.09000000000000075,-1.75,223700.05,112778.272
288,002288.SZ,20180227,4.89,5.15,4.89,5.15,4.68,0.47000000000000064,10.04,342726.52,174567.452
289,002288.SZ,20180206,5.1,5.14,4.68,4.68,5.2,-0.5200000000000005,-10.0,142236.0,68010.63
290,002288.SZ,20180205,5.2,5.35,5.12,5.2,5.43,-0.22999999999999954,-4.24,55661.0,29095.669
291,002288.SZ,20180202,5.51,5.55,5.03,5.43,5.59,-0.16000000000000014,-2.86,174159.88,90547.747
292,002288.SZ,20180201,5.72,5.78,5.45,5.59,5.73,-0.14000000000000057,-2.44,61457.0,34551.818
293,002288.SZ,20180131,5.8,5.84,5.72,5.73,5.83,-0.09999999999999964,-1.72,39955.0,23044.813
294,002288.SZ,20180130,5.77,5.85,5.73,5.83,5.78,0.04999999999999982,0.87,36480.04,21060.248
295,002288.SZ,20180129,5.84,5.86,5.75,5.78,5.86,-0.08000000000000007,-1.37,45984.0,26655.372
296,002288.SZ,20180126,5.88,5.92,5.84,5.86,5.91,-0.04999999999999982,-0.85,39895.63,23453.623
297,002288.SZ,20180125,5.86,5.93,5.83,5.91,5.85,0.0600000000000005,1.03,52811.0,31044.552
298,002288.SZ,20180124,5.8,5.87,5.72,5.85,5.8,0.04999999999999982,0.86,64284.88,37475.765
299,002288.SZ,20180123,5.7,5.85,5.7,5.8,5.81,-0.009999999999999787,-0.17,38068.8,22087.852
300,002288.SZ,20180122,5.8,5.83,5.67,5.81,5.88,-0.07000000000000028,-1.19,45807.33,26458.555
301,002288.SZ,20180119,5.86,5.88,5.8,5.88,5.88,0.0,0.0,44540.0,26029.797
302,002288.SZ,20180118,5.9,5.9,5.76,5.88,5.88,0.0,0.0,56445.0,32990.482
303,002288.SZ,20180117,6.03,6.03,5.77,5.88,5.91,-0.03000000000000025,-0.51,97754.26,57089.941
304,002288.SZ,20180116,5.74,5.94,5.73,5.91,5.79,0.1200000000000001,2.07,106319.03,61815.745
305,002288.SZ,20180115,5.68,5.9,5.5,5.79,5.7,0.08999999999999986,1.58,133499.0,76567.678
306,002288.SZ,20180112,5.7,5.75,5.7,5.7,5.73,-0.03000000000000025,-0.52,39392.64,22519.594
307,002288.SZ,20180111,5.65,5.77,5.62,5.73,5.65,0.08000000000000007,1.42,66952.66,38111.69
308,002288.SZ,20180110,5.75,5.79,5.63,5.65,5.78,-0.1299999999999999,-2.25,55250.58,31450.405
309,002288.SZ,20180109,5.82,5.84,5.77,5.78,5.86,-0.08000000000000007,-1.37,42489.0,24658.769
310,002288.SZ,20180108,5.83,5.89,5.78,5.86,5.79,0.07000000000000028,1.21,74438.12,43369.2
311,002288.SZ,20180105,5.79,5.87,5.74,5.79,5.78,0.009999999999999787,0.17,59464.24,34487.44
312,002288.SZ,20180104,5.76,5.8,5.74,5.78,5.78,0.0,0.0,42511.84,24567.568
313,002288.SZ,20180103,5.71,5.78,5.68,5.78,5.71,0.07000000000000028,1.23,50444.76,29000.859
314,002288.SZ,20180102,5.68,5.73,5.64,5.71,5.68,0.03000000000000025,0.53,65314.0,37176.675
315,002288.SZ,20171229,5.66,5.71,5.66,5.68,5.69,-0.010000000000000675,-0.18,53023.86,30087.543
316,002288.SZ,20171228,5.64,5.78,5.61,5.69,5.65,0.040000000000000036,0.71,71607.86,40768.59
317,002288.SZ,20171227,5.8,5.8,5.65,5.65,5.8,-0.14999999999999947,-2.59,71094.0,40606.532
318,002288.SZ,20171226,5.86,5.86,5.76,5.8,5.9,-0.10000000000000053,-1.69,36104.26,20982.739
319,002288.SZ,20171225,6.02,6.02,5.81,5.9,6.01,-0.10999999999999943,-1.83,46491.0,27428.062
320,002288.SZ,20171222,6.05,6.05,5.94,6.01,6.01,0.0,0.0,31224.0,18692.323
321,002288.SZ,20171221,5.97,6.03,5.84,6.01,6.01,0.0,0.0,53058.5,31475.134
322,002288.SZ,20171220,6.04,6.06,6.0,6.01,6.05,-0.040000000000000036,-0.66,27668.2,16656.321
323,002288.SZ,20171219,6.03,6.08,6.0,6.05,6.0,0.04999999999999982,0.83,33065.78,19970.898
324,002288.SZ,20171218,6.1,6.13,6.0,6.0,6.06,-0.05999999999999961,-0.99,46272.3,27913.5
325,002288.SZ,20171215,6.12,6.13,6.02,6.06,6.11,-0.05000000000000071,-0.82,45093.0,27349.079
326,002288.SZ,20171214,6.13,6.15,6.02,6.11,6.15,-0.040000000000000036,-0.65,75447.0,45782.539
327,002288.SZ,20171213,6.16,6.17,6.03,6.15,6.16,-0.009999999999999787,-0.16,58737.67,35852.317
328,002288.SZ,20171212,6.22,6.26,6.14,6.16,6.19,-0.03000000000000025,-0.48,64285.16,39718.862
329,002288.SZ,20171211,6.27,6.37,6.17,6.19,6.12,0.07000000000000028,1.14,99441.0,62005.184
330,002288.SZ,20171208,6.09,6.16,6.07,6.12,6.13,-0.009999999999999787,-0.16,70138.88,42854.371
331,002288.SZ,20171207,6.09,6.18,6.04,6.13,6.13,0.0,0.0,99543.0,61031.637
332,002288.SZ,20171206,5.98,6.13,5.96,6.13,6.03,0.09999999999999964,1.66,100533.58,60954.051
333,002288.SZ,20171205,6.01,6.08,5.96,6.03,6.0,0.03000000000000025,0.5,113795.0,68492.651
334,002288.SZ,20171204,5.89,6.12,5.86,6.0,5.9,0.09999999999999964,1.69,153570.0,92305.925
335,002288.SZ,20171201,5.77,5.92,5.75,5.9,5.8,0.10000000000000053,1.72,87001.62,50861.663
336,002288.SZ,20171130,5.69,5.81,5.67,5.8,5.71,0.08999999999999986,1.58,98430.84,56733.235
337,002288.SZ,20171129,5.89,5.9,5.64,5.71,5.93,-0.21999999999999975,-3.71,163909.59,94377.98
338,002288.SZ,20171128,5.99,5.99,5.82,5.93,6.06,-0.1299999999999999,-2.15,171372.02,101086.48
339,002288.SZ,20171127,6.07,6.07,5.95,6.06,6.08,-0.020000000000000462,-0.33,87211.33,52389.852
340,002288.SZ,20171124,6.05,6.11,5.99,6.08,6.12,-0.040000000000000036,-0.65,79304.6,48046.787
341,002288.SZ,20171123,6.14,6.19,5.95,6.12,6.2,-0.08000000000000007,-1.29,194641.25,117731.476
342,002288.SZ,20171122,6.15,6.25,6.07,6.2,6.16,0.040000000000000036,0.65,153243.47,94356.791
343,002288.SZ,20171121,6.12,6.32,6.07,6.16,6.2,-0.040000000000000036,-0.65,172296.0,106351.215
344,002288.SZ,20171120,6.5,6.5,5.86,6.2,6.51,-0.3099999999999996,-4.76,216510.28,133939.865
345,002288.SZ,20171117,6.68,6.68,6.33,6.51,6.75,-0.2400000000000002,-3.56,350538.47,227328.587
346,002288.SZ,20171116,6.92,7.1,6.71,6.75,6.89,-0.13999999999999968,-2.03,555388.79,382830.298
347,002288.SZ,20171115,6.36,6.89,6.36,6.89,6.26,0.6299999999999999,10.06,226398.19,154338.724
348,002288.SZ,20171114,6.39,6.39,6.21,6.26,6.37,-0.11000000000000032,-1.73,100048.0,62760.667
349,002288.SZ,20171113,6.31,6.43,6.31,6.37,6.27,0.10000000000000053,1.59,131483.5,83769.498
350,002288.SZ,20171110,6.23,6.33,6.19,6.27,6.24,0.02999999999999936,0.48,111706.4,70131.257
351,002288.SZ,20171109,6.25,6.26,6.21,6.24,6.28,-0.040000000000000036,-0.64,63647.43,39668.97
352,002288.SZ,20171108,6.15,6.33,6.13,6.28,6.16,0.1200000000000001,1.95,117162.32,73086.737
353,002288.SZ,20171107,6.12,6.17,6.1,6.16,6.16,0.0,0.0,60117.3,36873.474
354,002288.SZ,20171106,6.15,6.17,6.06,6.16,6.17,-0.009999999999999787,-0.16,53469.58,32701.746
355,002288.SZ,20171103,6.2,6.21,6.08,6.17,6.24,-0.07000000000000028,-1.12,50740.53,31138.108
356,002288.SZ,20171102,6.24,6.25,6.06,6.24,6.25,-0.009999999999999787,-0.16,102642.68,63078.097
357,002288.SZ,20171101,6.26,6.31,6.22,6.25,6.28,-0.03000000000000025,-0.48,45748.59,28665.416
358,002288.SZ,20171031,6.2,6.29,6.16,6.28,6.2,0.08000000000000007,1.29,63743.67,39613.827
359,002288.SZ,20171030,6.46,6.46,6.12,6.2,6.46,-0.2599999999999998,-4.02,84349.19,52608.745
360,002288.SZ,20171027,6.45,6.5,6.43,6.46,6.46,0.0,0.0,56765.33,36680.363
361,002288.SZ,20171026,6.37,6.47,6.36,6.46,6.39,0.07000000000000028,1.1,72760.92,46798.471
362,002288.SZ,20171025,6.35,6.46,6.34,6.39,6.34,0.04999999999999982,0.79,68449.53,43821.198
363,002288.SZ,20171024,6.39,6.41,6.32,6.34,6.39,-0.04999999999999982,-0.78,46155.44,29330.124
364,002288.SZ,20171023,6.38,6.42,6.33,6.39,6.39,0.0,0.0,46946.74,29953.316
365,002288.SZ,20171020,6.31,6.4,6.23,6.39,6.3,0.08999999999999986,1.43,63336.55,40057.481
366,002288.SZ,20171019,6.49,6.49,6.28,6.3,6.51,-0.20999999999999996,-3.23,113808.42,72317.698
367,002288.SZ,20171018,6.59,6.64,6.5,6.51,6.6,-0.08999999999999986,-1.36,81419.95,53366.533
368,002288.SZ,20171017,6.65,6.65,6.58,6.6,6.66,-0.0600000000000005,-0.9,52740.95,34867.406
369,002288.SZ,20171016,6.68,6.72,6.57,6.66,6.72,-0.05999999999999961,-0.89,95911.75,63631.891
370,002288.SZ,20171013,6.72,6.74,6.66,6.72,6.71,0.009999999999999787,0.15,67508.0,45171.222
371,002288.SZ,20171012,6.81,6.81,6.66,6.71,6.8,-0.08999999999999986,-1.32,97031.16,65302.606
372,002288.SZ,20171011,6.88,6.88,6.77,6.8,6.87,-0.07000000000000028,-1.02,123251.86,83894.081
373,002288.SZ,20171010,6.82,6.9,6.8,6.87,6.82,0.04999999999999982,0.73,125299.89,85951.23
374,002288.SZ,20171009,6.89,6.93,6.76,6.82,6.89,-0.0699999999999994,-1.02,184972.66,126263.608
375,002288.SZ,20170929,6.95,6.95,6.83,6.89,6.83,0.05999999999999961,0.88,119270.29,82070.13
376,002288.SZ,20170928,6.89,6.92,6.8,6.83,6.86,-0.03000000000000025,-0.44,86662.0,59425.949
377,002288.SZ,20170927,6.88,6.89,6.82,6.86,6.88,-0.019999999999999574,-0.29,76119.85,52222.814
378,002288.SZ,20170926,6.8,6.89,6.74,6.88,6.78,0.09999999999999964,1.47,82527.18,56226.812
379,002288.SZ,20170925,6.78,6.89,6.75,6.78,6.78,0.0,0.0,65417.04,44522.007
380,002288.SZ,20170922,6.87,6.87,6.71,6.78,6.84,-0.05999999999999961,-0.88,95473.16,64694.307
381,002288.SZ,20170921,6.88,6.95,6.83,6.84,6.92,-0.08000000000000007,-1.16,94995.7,65383.756
382,002288.SZ,20170920,7.01,7.01,6.83,6.92,6.94,-0.020000000000000462,-0.29,110570.98,76234.568
383,002288.SZ,20170919,7.06,7.09,6.9,6.94,7.02,-0.07999999999999918,-1.14,115938.02,80836.354
384,002288.SZ,20170918,7.05,7.07,6.92,7.02,7.04,-0.020000000000000462,-0.28,83719.9,58561.298
385,002288.SZ,20170915,7.02,7.08,6.95,7.04,7.0,0.040000000000000036,0.57,96170.02,67452.242
386,002288.SZ,20170914,7.08,7.08,6.95,7.0,7.07,-0.07000000000000028,-0.99,112515.54,78659.992
387,002288.SZ,20170913,7.2,7.2,7.02,7.07,7.14,-0.0699999999999994,-0.98,139307.42,98642.79
388,002288.SZ,20170912,6.85,7.15,6.82,7.14,6.87,0.2699999999999996,3.93,302926.36,213263.403
389,002288.SZ,20170911,6.79,6.9,6.72,6.87,6.82,0.04999999999999982,0.73,186122.47,127087.288
390,002288.SZ,20170908,6.96,6.99,6.66,6.82,7.0,-0.17999999999999972,-2.57,282265.23,192386.264
391,002288.SZ,20170907,6.84,7.13,6.8,7.0,7.11,-0.11000000000000032,-1.55,377776.04,262161.814
392,002288.SZ,20170906,6.51,7.42,6.51,7.11,6.97,0.14000000000000057,2.01,590216.16,402305.616
393,002288.SZ,20170905,6.97,6.97,6.97,6.97,7.74,-0.7700000000000005,-9.95,84897.0,59173.209
394,002288.SZ,20170904,7.63,7.77,7.55,7.74,7.62,0.1200000000000001,1.57,161363.83,124342.382
395,002288.SZ,20170901,7.48,7.66,7.47,7.62,7.5,0.1200000000000001,1.6,157275.74,119343.972
396,002288.SZ,20170831,7.39,7.52,7.36,7.5,7.4,0.09999999999999964,1.35,103866.86,77221.237
397,002288.SZ,20170830,7.42,7.47,7.37,7.4,7.43,-0.02999999999999936,-0.4,68599.02,50829.939
398,002288.SZ,20170829,7.48,7.55,7.4,7.43,7.54,-0.11000000000000032,-1.46,101208.0,75394.685
399,002288.SZ,20170828,7.41,7.59,7.41,7.54,7.41,0.1299999999999999,1.75,106586.11,80180.332
400,002288.SZ,20170825,7.34,7.44,7.31,7.41,7.31,0.10000000000000053,1.37,69958.09,51663.185
401,002288.SZ,20170824,7.43,7.47,7.31,7.31,7.39,-0.08000000000000007,-1.08,66583.02,49164.122
402,002288.SZ,20170823,7.46,7.47,7.36,7.39,7.46,-0.07000000000000028,-0.94,78607.11,58183.643
403,002288.SZ,20170822,7.64,7.64,7.46,7.46,7.58,-0.1200000000000001,-1.58,85327.02,64236.835
404,002288.SZ,20170821,7.51,7.63,7.5,7.58,7.53,0.04999999999999982,0.66,94368.83,71243.085
405,002288.SZ,20170818,7.71,7.73,7.53,7.53,7.78,-0.25,-3.21,162735.2,123877.437
406,002288.SZ,20170817,7.7,7.82,7.63,7.78,7.73,0.04999999999999982,0.65,152956.64,118121.839
407,002288.SZ,20170816,7.8,7.8,7.67,7.73,7.8,-0.0699999999999994,-0.9,98996.17,76483.274
408,002288.SZ,20170815,7.77,7.93,7.74,7.8,7.75,0.04999999999999982,0.65,160326.02,125334.76
409,002288.SZ,20170814,7.57,7.8,7.55,7.75,7.59,0.16000000000000014,2.11,165137.96,127407.852
410,002288.SZ,20170811,7.68,7.7,7.5,7.59,7.75,-0.16000000000000014,-2.06,152980.76,116377.952
411,002288.SZ,20170810,7.55,7.8,7.54,7.75,7.59,0.16000000000000014,2.11,212690.08,163509.709
412,002288.SZ,20170809,7.77,7.77,7.57,7.59,7.74,-0.15000000000000036,-1.94,142174.98,108440.248
413,002288.SZ,20170808,7.67,7.78,7.65,7.74,7.64,0.10000000000000053,1.31,139958.77,107979.261
414,002288.SZ,20170807,7.58,7.69,7.53,7.64,7.64,0.0,0.0,98852.26,75407.307
415,002288.SZ,20170804,7.71,7.86,7.63,7.64,7.69,-0.05000000000000071,-0.65,178445.39,138469.757
416,002288.SZ,20170803,7.65,7.74,7.58,7.69,7.7,-0.009999999999999787,-0.13,147109.97,112652.404
417,002288.SZ,20170802,7.75,7.83,7.61,7.7,7.79,-0.08999999999999986,-1.16,211694.93,162661.906
418,002288.SZ,20170801,8.0,8.09,7.75,7.79,7.91,-0.1200000000000001,-1.52,243911.5,193019.579
419,002288.SZ,20170731,7.84,7.95,7.73,7.91,7.84,0.07000000000000028,0.89,249735.64,195852.042
420,002288.SZ,20170728,8.1,8.19,7.81,7.84,8.07,-0.23000000000000043,-2.85,241896.13,193290.267
421,002288.SZ,20170727,8.04,8.13,7.86,8.07,8.13,-0.0600000000000005,-0.74,303033.17,242111.202
422,002288.SZ,20170726,8.22,8.22,7.9,8.13,8.25,-0.11999999999999922,-1.45,440467.63,355501.813
423,002288.SZ,20170725,7.8,8.28,7.74,8.25,7.88,0.3700000000000001,4.7,555569.08,449656.253
424,002288.SZ,20170724,7.85,8.05,7.62,7.88,7.86,0.019999999999999574,0.25,339086.17,265530.118
425,002288.SZ,20170721,7.92,7.95,7.73,7.86,7.96,-0.09999999999999964,-1.26,260915.02,204446.326
426,002288.SZ,20170720,7.99,8.05,7.88,7.96,8.04,-0.07999999999999918,-1.0,314259.86,249676.144
427,002288.SZ,20170719,7.78,8.07,7.73,8.04,7.9,0.1399999999999988,1.77,503045.25,397240.184
428,002288.SZ,20170718,7.4,7.99,7.31,7.9,7.43,0.47000000000000064,6.33,540963.18,416830.052
429,002288.SZ,20170717,7.56,7.57,6.83,7.43,7.59,-0.16000000000000014,-2.11,396569.58,291349.441
430,002288.SZ,20170714,7.28,7.67,7.23,7.59,7.3,0.29000000000000004,3.97,396111.64,296515.667
431,002288.SZ,20170713,7.08,7.35,7.05,7.3,7.12,0.17999999999999972,2.53,279067.7,201296.295
432,002288.SZ,20170712,7.09,7.29,7.0,7.12,6.97,0.15000000000000036,2.15,313570.2,223329.753
433,002288.SZ,20170630,7.01,7.06,6.95,6.97,7.08,-0.11000000000000032,-1.55,93495.0,65449.553
434,002288.SZ,20170629,7.05,7.11,7.0,7.08,7.03,0.04999999999999982,0.71,92117.0,65014.322
435,002288.SZ,20170628,7.07,7.1,6.96,7.03,7.1,-0.0699999999999994,-0.99,86761.59,60883.754
436,002288.SZ,20170627,7.05,7.14,7.01,7.1,7.03,0.0699999999999994,1.0,131175.09,92717.645
437,002288.SZ,20170626,6.96,7.04,6.87,7.03,6.91,0.1200000000000001,1.74,107748.29,75229.123
438,002288.SZ,20170623,6.84,6.94,6.78,6.91,6.88,0.03000000000000025,0.44,94623.16,64917.016
439,002288.SZ,20170622,7.07,7.09,6.86,6.88,7.07,-0.1900000000000004,-2.69,122437.72,85629.871
440,002288.SZ,20170621,7.13,7.18,7.01,7.07,7.17,-0.09999999999999964,-1.39,135498.03,96041.769
441,002288.SZ,20170620,7.13,7.26,7.09,7.17,7.18,-0.009999999999999787,-0.14,150517.37,107823.427
442,002288.SZ,20170619,7.05,7.2,7.0,7.18,7.18,0.0,0.0,255053.75,181065.273
443,002288.SZ,20170616,6.75,7.46,6.74,7.18,6.78,0.39999999999999947,5.9,410233.0,295606.222
444,002288.SZ,20170615,6.65,6.84,6.65,6.78,6.67,0.11000000000000032,1.65,95501.75,64443.866
445,002288.SZ,20170614,6.66,6.72,6.65,6.67,6.67,0.0,0.0,47670.69,31836.826
446,002288.SZ,20170613,6.56,6.7,6.56,6.67,6.57,0.09999999999999964,1.52,54753.55,36394.241
447,002288.SZ,20170612,6.66,6.67,6.56,6.57,6.71,-0.13999999999999968,-2.09,52011.02,34409.063
448,002288.SZ,20170609,6.74,6.76,6.65,6.71,6.74,-0.03000000000000025,-0.45,51834.11,34669.44
449,002288.SZ,20170608,6.79,6.85,6.71,6.74,6.76,-0.019999999999999574,-0.3,62375.04,42249.913
450,002288.SZ,20170607,6.67,6.8,6.62,6.76,6.65,0.10999999999999943,1.65,80957.61,54488.196
451,002288.SZ,20170606,6.6,6.72,6.55,6.65,6.61,0.040000000000000036,0.61,53870.37,35745.841
452,002288.SZ,20170605,6.55,6.63,6.52,6.61,6.56,0.05000000000000071,0.76,40319.62,26588.623
453,002288.SZ,20170602,6.47,6.6,6.37,6.56,6.48,0.07999999999999918,1.23,44438.74,28810.433
454,002288.SZ,20170601,6.64,6.64,6.46,6.48,6.62,-0.13999999999999968,-2.11,44645.51,29153.069
455,002288.SZ,20170531,6.75,6.79,6.62,6.62,6.67,-0.04999999999999982,-0.75,35725.05,23922.778
456,002288.SZ,20170526,6.68,6.78,6.65,6.67,6.67,0.0,0.0,44888.54,30089.535
457,002288.SZ,20170525,6.57,6.71,6.5,6.67,6.57,0.09999999999999964,1.52,63184.51,41728.667
458,002288.SZ,20170524,6.5,6.61,6.4,6.57,6.55,0.020000000000000462,0.31,75049.87,49000.243
459,002288.SZ,20170523,6.87,6.9,6.46,6.55,6.88,-0.33000000000000007,-4.8,88727.27,59423.443
460,002288.SZ,20170522,6.93,7.02,6.83,6.88,7.03,-0.15000000000000036,-2.13,77546.1,53597.29
461,002288.SZ,20170519,6.95,7.1,6.95,7.03,6.96,0.07000000000000028,1.01,57856.5,40660.891
462,002288.SZ,20170518,6.99,7.08,6.94,6.96,7.08,-0.1200000000000001,-1.69,69609.32,48677.39
463,002288.SZ,20170517,7.13,7.17,7.06,7.08,7.13,-0.04999999999999982,-0.7,110736.22,78611.326
464,002288.SZ,20170516,6.92,7.13,6.79,7.13,6.94,0.1899999999999995,2.74,134611.15,93980.004
465,002288.SZ,20170515,6.98,7.09,6.91,6.94,6.97,-0.02999999999999936,-0.43,71856.32,50337.157
466,002288.SZ,20170512,7.01,7.06,6.92,6.97,7.0,-0.03000000000000025,-0.43,81085.73,56636.487
467,002288.SZ,20170511,6.68,7.0,6.62,7.0,6.83,0.16999999999999993,2.49,127031.23,87281.426
468,002288.SZ,20170510,6.88,7.04,6.83,6.83,6.87,-0.040000000000000036,-0.58,105861.09,73363.575
469,002288.SZ,20170509,6.74,6.87,6.7,6.87,6.72,0.15000000000000036,2.23,63422.46,43113.612
470,002288.SZ,20170508,6.93,6.95,6.72,6.72,6.96,-0.2400000000000002,-3.45,53397.8,36572.26
471,002288.SZ,20170505,7.04,7.11,6.96,6.96,7.08,-0.1200000000000001,-1.69,64733.5,45396.248
472,002288.SZ,20170504,7.06,7.22,7.0,7.08,7.09,-0.009999999999999787,-0.14,120321.26,85686.407
473,002288.SZ,20170503,6.89,7.22,6.89,7.09,6.83,0.2599999999999998,3.81,126483.09,89974.83
474,002288.SZ,20170502,6.81,6.87,6.73,6.83,6.8,0.03000000000000025,0.44,48310.97,32966.55
475,002288.SZ,20170428,6.74,6.93,6.73,6.8,6.74,0.05999999999999961,0.89,114626.11,78287.219
476,002288.SZ,20170427,6.66,6.79,6.61,6.74,6.65,0.08999999999999986,1.35,100094.33,67043.276
477,002288.SZ,20170426,6.52,6.76,6.49,6.65,6.51,0.14000000000000057,2.15,114353.42,75909.061
478,002288.SZ,20170425,6.49,6.57,6.46,6.51,6.52,-0.009999999999999787,-0.15,74735.58,48633.97
479,002288.SZ,20170424,6.73,6.75,6.46,6.52,6.77,-0.25,-3.69,88851.8,58223.047
480,002288.SZ,20170421,6.81,6.86,6.75,6.77,6.76,0.009999999999999787,0.15,40590.12,27638.878
481,002288.SZ,20170420,6.9,6.92,6.73,6.76,6.92,-0.16000000000000014,-2.31,72609.24,49399.93
482,002288.SZ,20170419,6.9,6.94,6.84,6.92,6.97,-0.04999999999999982,-0.72,65279.02,44871.333
483,002288.SZ,20170418,7.04,7.09,6.97,6.97,7.04,-0.07000000000000028,-0.99,44653.01,31374.073
484,002288.SZ,20170417,7.05,7.08,6.97,7.04,7.09,-0.04999999999999982,-0.71,58212.1,40773.087
485,002288.SZ,20170414,7.24,7.28,7.09,7.09,7.24,-0.15000000000000036,-2.07,79274.0,56701.913
486,002288.SZ,20170413,7.3,7.35,7.21,7.24,7.29,-0.04999999999999982,-0.69,54405.02,39498.215
487,002288.SZ,20170412,7.28,7.35,7.17,7.29,7.28,0.009999999999999787,0.14,81556.45,59374.426
488,002288.SZ,20170411,7.34,7.34,7.11,7.28,7.35,-0.0699999999999994,-0.95,116747.72,84470.154
489,002288.SZ,20170410,7.37,7.39,7.29,7.35,7.36,-0.010000000000000675,-0.14,81326.73,59666.96
490,002288.SZ,20170407,7.48,7.48,7.33,7.36,7.49,-0.1299999999999999,-1.74,135114.0,99734.717
491,002288.SZ,20170406,7.41,7.56,7.37,7.49,7.4,0.08999999999999986,1.22,117191.97,87561.229
492,002288.SZ,20170405,7.29,7.49,7.26,7.4,7.28,0.1200000000000001,1.65,78297.48,57659.323
493,002288.SZ,20170331,7.15,7.33,7.15,7.28,7.18,0.10000000000000053,1.39,94528.46,68563.278
494,002288.SZ,20170330,7.51,7.51,7.14,7.18,7.5,-0.3200000000000003,-4.27,178078.91,129090.984
495,002288.SZ,20170329,7.63,7.65,7.46,7.5,7.63,-0.1299999999999999,-1.7,105015.43,79212.408
496,002288.SZ,20170328,7.7,7.7,7.62,7.63,7.71,-0.08000000000000007,-1.04,62062.12,47467.989
497,002288.SZ,20170327,7.68,7.72,7.61,7.71,7.69,0.019999999999999574,0.26,103591.0,79470.432
498,002288.SZ,20170324,7.75,7.79,7.65,7.69,7.79,-0.09999999999999964,-1.28,141486.88,109038.624
499,002288.SZ,20170323,7.83,7.9,7.71,7.79,7.9,-0.11000000000000032,-1.39,165846.56,129644.196
500,002288.SZ,20170322,7.78,8.1,7.78,7.9,7.75,0.15000000000000036,1.94,317154.26,252288.485
501,002288.SZ,20170321,7.82,7.84,7.71,7.75,7.8,-0.04999999999999982,-0.64,97636.64,75884.293
502,002288.SZ,20170320,7.81,7.92,7.72,7.8,7.81,-0.009999999999999787,-0.13,115671.15,90236.353
503,002288.SZ,20170317,7.83,7.99,7.8,7.81,7.82,-0.010000000000000675,-0.13,222300.49,175228.322
504,002288.SZ,20170316,7.64,7.86,7.62,7.82,7.62,0.20000000000000018,2.62,198298.22,153812.57
505,002288.SZ,20170315,7.65,7.68,7.61,7.62,7.65,-0.03000000000000025,-0.39,79439.0,60805.429
506,002288.SZ,20170314,7.66,7.71,7.62,7.65,7.65,0.0,0.0,85748.79,65748.815
507,002288.SZ,20170313,7.62,7.69,7.52,7.65,7.68,-0.02999999999999936,-0.39,88217.62,67324.165
508,002288.SZ,20170310,7.68,7.74,7.62,7.68,7.67,0.009999999999999787,0.13,68877.18,52834.406
509,002288.SZ,20170309,7.79,7.8,7.63,7.67,7.81,-0.13999999999999968,-1.79,110006.95,84650.669
510,002288.SZ,20170308,7.83,7.89,7.78,7.81,7.82,-0.010000000000000675,-0.13,113207.29,88563.945
511,002288.SZ,20170307,7.87,7.92,7.78,7.82,7.85,-0.02999999999999936,-0.38,121138.88,95019.355
512,002288.SZ,20170306,7.78,7.87,7.73,7.85,7.71,0.13999999999999968,1.82,156995.4,122725.093
513,002288.SZ,20170303,7.68,7.75,7.56,7.71,7.66,0.04999999999999982,0.65,95680.89,73234.734
514,002288.SZ,20170302,7.78,7.79,7.62,7.66,7.75,-0.08999999999999986,-1.16,115723.58,88973.384
515,002288.SZ,20170301,7.78,7.81,7.72,7.75,7.77,-0.019999999999999574,-0.26,103735.77,80641.599
516,002288.SZ,20170228,7.7,7.85,7.63,7.77,7.7,0.0699999999999994,0.91,128255.27,99245.32
517,002288.SZ,20170227,7.88,7.88,7.68,7.7,7.88,-0.17999999999999972,-2.28,135855.03,105576.052
518,002288.SZ,20170224,7.71,7.9,7.71,7.88,7.75,0.1299999999999999,1.68,184869.84,144900.714
519,002288.SZ,20170223,7.73,7.75,7.61,7.75,7.73,0.019999999999999574,0.26,107575.63,82551.276
520,002288.SZ,20170222,7.75,7.77,7.65,7.73,7.74,-0.009999999999999787,-0.13,112548.92,86747.627
521,002288.SZ,20170221,7.63,7.77,7.6,7.74,7.63,0.11000000000000032,1.44,149214.05,115174.251
522,002288.SZ,20170220,7.53,7.64,7.51,7.63,7.54,0.08999999999999986,1.19,115617.1,87488.462
523,002288.SZ,20170217,7.72,7.75,7.5,7.54,7.72,-0.17999999999999972,-2.33,175660.61,133273.022
524,002288.SZ,20170216,7.61,7.8,7.61,7.72,7.69,0.02999999999999936,0.39,136520.15,105270.909
525,002288.SZ,20170215,7.79,7.82,7.66,7.69,7.83,-0.13999999999999968,-1.79,179703.35,138992.406
526,002288.SZ,20170214,7.85,7.96,7.81,7.83,7.85,-0.019999999999999574,-0.25,202029.68,159239.527
527,002288.SZ,20170213,7.79,7.89,7.75,7.85,7.83,0.019999999999999574,0.26,206221.69,161445.768
528,002288.SZ,20170210,8.1,8.1,7.79,7.83,8.14,-0.3100000000000005,-3.81,438734.32,346628.672
529,002288.SZ,20170209,7.4,8.14,7.35,8.14,7.4,0.7400000000000002,10.0,349623.52,273664.389
530,002288.SZ,20170208,7.29,7.42,7.21,7.4,7.29,0.11000000000000032,1.51,136000.32,99485.992
531,002288.SZ,20170207,7.3,7.45,7.25,7.29,7.3,-0.009999999999999787,-0.14,162626.84,119442.733
532,002288.SZ,20170206,7.24,7.3,7.18,7.3,7.21,0.08999999999999986,1.25,93341.27,67558.772
533,002288.SZ,20170203,7.16,7.21,7.09,7.21,7.3,-0.08999999999999986,-1.23,99100.05,71020.402
534,002288.SZ,20170126,7.37,7.47,7.23,7.3,7.3,0.0,0.0,107753.33,78641.261
535,002288.SZ,20170125,7.29,7.39,7.25,7.3,7.29,0.009999999999999787,0.14,77883.84,56982.262
536,002288.SZ,20170124,7.39,7.4,7.26,7.29,7.39,-0.09999999999999964,-1.35,118380.79,86433.498
537,002288.SZ,20170123,7.32,7.49,7.3,7.39,7.37,0.019999999999999574,0.27,160320.94,118671.114
538,002288.SZ,20170120,7.18,7.4,7.13,7.37,7.18,0.1900000000000004,2.65,191210.43,139446.566
539,002288.SZ,20170119,7.12,7.23,7.0,7.18,7.08,0.09999999999999964,1.41,218083.77,156101.458
540,002288.SZ,20170118,7.03,7.22,6.93,7.08,7.03,0.04999999999999982,0.71,187281.29,132626.752
541,002288.SZ,20170117,6.86,7.07,6.65,7.03,6.86,0.16999999999999993,2.48,242664.67,167280.488
542,002288.SZ,20170116,7.28,7.3,6.62,6.86,7.3,-0.4399999999999995,-6.03,270712.74,189738.701
543,002288.SZ,20170113,7.39,7.43,7.22,7.3,7.47,-0.16999999999999993,-2.28,189233.41,138548.488
544,002288.SZ,20170112,7.94,7.95,7.18,7.47,7.93,-0.45999999999999996,-5.8,491205.2,370492.551
545,002288.SZ,20170111,8.15,8.16,7.93,7.93,8.15,-0.22000000000000064,-2.7,191433.56,153639.333
546,002288.SZ,20170110,8.24,8.25,8.14,8.15,8.24,-0.08999999999999986,-1.09,96174.69,78812.46
547,002288.SZ,20170109,8.19,8.25,8.15,8.24,8.23,0.009999999999999787,0.12,71336.99,58486.713
548,002288.SZ,20170106,8.39,8.39,8.2,8.23,8.37,-0.1399999999999988,-1.67,126807.07,104825.272
549,002288.SZ,20170105,8.45,8.48,8.35,8.37,8.44,-0.07000000000000028,-0.83,145313.59,121945.186
550,002288.SZ,20170104,8.2,8.55,8.15,8.44,8.19,0.25,3.05,254212.75,212937.254
551,002288.SZ,20170103,8.16,8.24,8.13,8.19,8.13,0.05999999999999872,0.74,106319.72,87119.281
552,002288.SZ,20161230,8.21,8.22,8.1,8.13,8.21,-0.08000000000000007,-0.97,115709.45,94299.01
553,002288.SZ,20161229,8.18,8.3,8.12,8.21,8.19,0.02000000000000135,0.24,157610.59,129398.571
554,002288.SZ,20161228,8.31,8.36,8.15,8.19,8.33,-0.14000000000000057,-1.68,98207.13,81113.887
555,002288.SZ,20161227,8.3,8.4,8.25,8.33,8.3,0.02999999999999936,0.36,122962.59,102489.617
556,002288.SZ,20161226,8.3,8.31,8.07,8.3,8.35,-0.049999999999998934,-0.6,163258.99,133678.417
557,002288.SZ,20161223,8.53,8.53,8.3,8.35,8.52,-0.16999999999999993,-2.0,153624.81,128937.333
558,002288.SZ,20161222,8.5,8.59,8.42,8.52,8.5,0.019999999999999574,0.24,215403.42,183089.635
559,002288.SZ,20161221,8.45,8.58,8.42,8.5,8.5,0.0,0.0,234072.41,198808.229
560,002288.SZ,20161220,8.31,8.56,8.23,8.5,8.3,0.1999999999999993,2.41,229240.57,192100.073
561,002288.SZ,20161219,8.63,8.66,8.3,8.3,8.61,-0.3099999999999987,-3.6,343808.83,289230.378
562,002288.SZ,20161216,8.58,8.72,8.55,8.61,8.62,-0.009999999999999787,-0.12,253058.31,218442.405
563,002288.SZ,20161215,8.5,8.73,8.44,8.62,8.56,0.05999999999999872,0.7,290783.13,249658.445
564,002288.SZ,20161214,8.6,8.7,8.36,8.56,8.79,-0.22999999999999865,-2.62,414472.57,353730.798
565,002288.SZ,20161213,9.5,9.66,8.79,8.79,9.77,-0.9800000000000004,-10.03,888350.88,787861.595
566,002288.SZ,20161212,10.83,10.86,9.77,9.77,10.86,-1.0899999999999999,-10.04,239659.68,243800.54
567,002288.SZ,20161209,10.83,10.92,10.63,10.86,10.87,-0.009999999999999787,-0.09,72569.46,78450.258
568,002288.SZ,20161208,10.99,10.99,10.87,10.87,10.94,-0.07000000000000028,-0.64,62889.31,68711.616
569,002288.SZ,20161207,10.9,10.98,10.86,10.94,10.94,0.0,0.0,62523.44,68334.45
570,002288.SZ,20161206,10.88,11.04,10.82,10.94,10.87,0.07000000000000028,0.64,77171.67,84277.027
571,002288.SZ,20161205,10.8,10.97,10.61,10.87,10.93,-0.0600000000000005,-0.55,71043.15,77192.93
572,002288.SZ,20161202,11.39,11.39,10.8,10.93,11.36,-0.4299999999999997,-3.79,175136.71,193918.225
573,002288.SZ,20161201,11.42,11.46,11.3,11.36,11.42,-0.0600000000000005,-0.53,59558.66,67691.379
574,002288.SZ,20161130,11.31,11.45,11.26,11.42,11.36,0.0600000000000005,0.53,79781.23,90614.105
575,002288.SZ,20161129,11.63,11.67,11.26,11.36,11.63,-0.27000000000000135,-2.32,190547.13,216614.132
576,002288.SZ,20161128,11.95,12.31,11.62,11.63,11.87,-0.23999999999999844,-2.02,245734.02,290487.406
577,002288.SZ,20161125,11.85,12.08,11.74,11.87,11.96,-0.09000000000000163,-0.75,244933.02,292028.841
578,002288.SZ,20161124,11.87,11.97,11.7,11.96,11.85,0.11000000000000121,0.93,421046.37,499012.766
579,002288.SZ,20161123,11.76,11.93,11.62,11.85,11.74,0.10999999999999943,0.94,246098.89,290309.901
580,002288.SZ,20161122,11.76,11.87,11.68,11.74,11.79,-0.049999999999998934,-0.42,140599.67,165371.197
581,002288.SZ,20161121,11.75,11.9,11.61,11.79,11.7,0.08999999999999986,0.77,246697.9,290899.031
582,002288.SZ,20161118,11.83,12.03,11.69,11.7,11.86,-0.16000000000000014,-1.35,162788.58,193585.184
583,002288.SZ,20161117,12.1,12.13,11.6,11.86,12.05,-0.19000000000000128,-1.58,177607.13,210314.495
584,002288.SZ,20161116,12.2,12.25,11.91,12.05,12.29,-0.23999999999999844,-1.95,174417.13,209871.532
585,002288.SZ,20161115,12.1,12.37,11.9,12.29,12.21,0.0799999999999983,0.66,294945.28,358647.683
586,002288.SZ,20161114,11.98,12.26,11.74,12.21,11.72,0.4900000000000002,4.18,486203.88,584120.649
587,002288.SZ,20161111,11.4,11.74,11.29,11.72,11.39,0.33000000000000007,2.9,225489.65,260116.3
588,002288.SZ,20161110,11.2,11.54,11.13,11.39,11.16,0.23000000000000043,2.06,277655.37,315041.586
589,002288.SZ,20161109,11.14,11.23,10.8,11.16,11.11,0.05000000000000071,0.45,120689.49,133268.997
590,002288.SZ,20161108,11.15,11.23,11.08,11.11,11.15,-0.040000000000000924,-0.36,92865.51,103392.683
591,002288.SZ,20161107,11.3,11.36,11.02,11.15,11.4,-0.25,-2.19,187216.42,209512.068
592,002288.SZ,20161104,11.5,11.69,11.39,11.4,11.51,-0.10999999999999943,-0.96,205089.65,236406.156
593,002288.SZ,20161103,11.32,11.55,11.32,11.51,11.42,0.08999999999999986,0.79,136267.52,156239.672
594,002288.SZ,20161102,11.37,11.42,11.23,11.42,11.37,0.05000000000000071,0.44,154059.88,174888.994
595,002288.SZ,20161101,11.29,11.45,11.14,11.37,11.29,0.08000000000000007,0.71,107910.22,121951.641
596,002288.SZ,20161031,11.47,11.47,11.1,11.29,11.47,-0.1800000000000015,-1.57,110958.92,124571.953
597,002288.SZ,20161028,11.41,11.57,11.28,11.47,11.42,0.05000000000000071,0.44,117902.03,134901.4091
598,002288.SZ,20161027,11.36,11.55,11.3,11.42,11.37,0.05000000000000071,0.44,97905.73,111910.2961
599,002288.SZ,20161026,11.57,11.63,11.35,11.37,11.66,-0.2900000000000009,-2.49,163863.92,187961.4073
600,002288.SZ,20161025,11.63,11.77,11.5,11.66,11.6,0.0600000000000005,0.52,101376.64,117716.0361
601,002288.SZ,20161024,11.7,11.7,11.43,11.6,11.85,-0.25,-2.11,186216.32,215701.8371
602,002288.SZ,20161021,11.86,12.08,11.69,11.85,11.93,-0.08000000000000007,-0.67,153571.99,182726.5541
603,002288.SZ,20161020,11.93,12.19,11.87,11.93,11.84,0.08999999999999986,0.76,280834.42,338379.691
604,002288.SZ,20161019,11.88,11.92,11.61,11.84,11.85,-0.009999999999999787,-0.08,181814.99,214476.0662
605,002288.SZ,20161018,11.58,11.89,11.47,11.85,11.59,0.2599999999999998,2.24,184215.78,215549.7531
606,002288.SZ,20161017,11.7,11.75,11.42,11.59,11.65,-0.0600000000000005,-0.52,124065.84,143922.767
607,002288.SZ,20161014,11.58,11.73,11.4,11.65,11.53,0.120000000000001,1.04,157178.47,182207.6895
608,002288.SZ,20161013,11.6,11.73,11.48,11.53,11.64,-0.11000000000000121,-0.95,126919.69,147038.466
609,002288.SZ,20161012,11.48,11.71,11.37,11.64,11.37,0.27000000000000135,2.37,205802.61,238396.3159
610,002288.SZ,20161011,11.25,11.45,11.08,11.37,11.24,0.129999999999999,1.16,210454.58,236615.9381
611,002288.SZ,20161010,11.41,11.47,11.09,11.24,11.4,-0.16000000000000014,-1.4,233900.31,261610.4029
612,002288.SZ,20160930,11.31,11.8,11.04,11.4,11.36,0.040000000000000924,0.35,227396.21,259454.5086
613,002288.SZ,20160929,11.4,11.56,11.25,11.36,11.4,-0.040000000000000924,-0.35,101960.84,116068.4342
614,002288.SZ,20160928,11.17,11.79,11.06,11.4,11.18,0.22000000000000064,1.97,136546.11,155852.0767
615,002288.SZ,20160927,10.87,11.28,10.73,11.18,10.86,0.3200000000000003,2.95,112354.77,122920.7506
616,002288.SZ,20160926,11.66,11.77,10.85,10.86,11.65,-0.7900000000000009,-6.78,155523.06,174510.3466
617,002288.SZ,20160923,11.82,11.9,11.34,11.65,11.76,-0.10999999999999943,-0.94,100151.26,117191.8645
618,002288.SZ,20160922,11.76,11.96,11.73,11.76,11.73,0.02999999999999936,0.26,109267.08,129340.6836
619,002288.SZ,20160921,11.78,11.89,11.68,11.73,11.79,-0.05999999999999872,-0.51,124352.63,146549.5935
620,002288.SZ,20160920,11.8,11.88,11.61,11.79,11.66,0.129999999999999,1.11,172497.87,202332.1922
621,002288.SZ,20160919,11.68,11.84,11.51,11.66,11.66,0.0,0.0,185414.91,215759.3758
622,002288.SZ,20160914,11.45,11.8,11.32,11.66,11.63,0.02999999999999936,0.26,253065.24,292602.0709
623,002288.SZ,20160913,11.0,11.8,10.91,11.63,11.0,0.6300000000000008,5.73,360006.2,412401.9189
624,002288.SZ,20160912,11.15,11.27,10.5,11.0,11.34,-0.33999999999999986,-3.0,479290.46,522636.2057
625,002288.SZ,20160909,12.72,12.75,11.34,11.34,12.6,-1.2599999999999998,-10.0,815596.39,960189.4239
626,002288.SZ,20160908,12.75,12.89,12.53,12.6,12.82,-0.22000000000000064,-1.72,117676.04,149302.1486
627,002288.SZ,20160907,12.79,13.11,12.36,12.82,12.79,0.030000000000001137,0.23,293240.22,372986.9659
628,002288.SZ,20160906,12.98,13.39,12.76,12.79,13.03,-0.2400000000000002,-1.84,312685.54,406995.8879
629,002288.SZ,20160905,12.38,13.08,12.23,13.03,12.35,0.6799999999999997,5.51,353689.96,450398.039
630,002288.SZ,20160902,12.3,12.66,12.22,12.35,12.49,-0.14000000000000057,-1.12,230960.09,287005.0342
631,002288.SZ,20160901,12.7,12.88,12.41,12.49,12.72,-0.23000000000000043,-1.81,211261.46,267284.8274
632,002288.SZ,20160831,12.9,13.0,12.62,12.72,12.9,-0.17999999999999972,-1.4,254779.38,326227.3106
633,002288.SZ,20160830,12.43,12.95,12.43,12.9,12.53,0.370000000000001,2.95,437704.75,558752.4357
634,002288.SZ,20160829,12.31,12.68,12.1,12.53,12.27,0.2599999999999998,2.12,451111.93,561053.8713
635,002288.SZ,20160826,11.75,12.66,11.75,12.27,11.78,0.4900000000000002,4.16,540053.18,666006.7581
636,002288.SZ,20160825,11.8,11.96,11.42,11.78,11.89,-0.11000000000000121,-0.93,211825.73,247910.6906
637,002288.SZ,20160824,12.02,12.12,11.65,11.89,11.98,-0.08999999999999986,-0.75,287105.13,341142.9076
638,002288.SZ,20160823,11.83,12.45,11.83,11.98,12.19,-0.20999999999999908,-1.72,341740.84,413369.8847
639,002288.SZ,20160822,11.6,12.5,11.2,12.19,11.62,0.5700000000000003,4.91,566186.11,664888.9011
640,002288.SZ,20160819,11.45,11.91,11.23,11.62,11.36,0.2599999999999998,2.29,616891.83,714625.6676
641,002288.SZ,20160818,10.62,11.46,10.54,11.36,10.69,0.6699999999999999,6.27,571962.49,633518.2571
642,002288.SZ,20160817,10.03,10.98,9.98,10.69,10.02,0.6699999999999999,6.69,425247.24,447857.0876
643,002288.SZ,20160816,9.92,10.1,9.92,10.02,9.94,0.08000000000000007,0.8,128615.59,128727.6837
644,002288.SZ,20160815,9.76,10.05,9.69,9.94,9.76,0.17999999999999972,1.84,182409.41,180505.9313
645,002288.SZ,20160812,9.72,9.84,9.7,9.76,9.79,-0.02999999999999936,-0.31,70808.43,69119.3275
646,002288.SZ,20160811,9.85,9.9,9.65,9.79,10.0,-0.21000000000000085,-2.1,180379.01,175954.2545
647,002288.SZ,20160810,10.15,10.21,9.95,10.0,10.18,-0.17999999999999972,-1.77,167979.03,168584.827
648,002288.SZ,20160809,10.15,10.29,10.06,10.18,10.22,-0.040000000000000924,-0.39,126351.16,128915.908
649,002288.SZ,20160808,10.1,10.32,9.8,10.22,10.28,-0.05999999999999872,-0.58,173421.13,173928.927
650,002288.SZ,20160805,10.3,10.47,10.22,10.28,10.34,-0.0600000000000005,-0.58,123715.96,127997.3572
651,002288.SZ,20160804,10.3,10.48,10.16,10.34,10.25,0.08999999999999986,0.88,123879.12,127555.6947
652,002288.SZ,20160803,10.26,10.33,10.15,10.25,10.31,-0.0600000000000005,-0.58,80570.48,82511.4572
653,002288.SZ,20160802,10.35,10.35,10.12,10.31,10.24,0.07000000000000028,0.68,88133.85,90299.2255
654,002288.SZ,20160801,10.23,10.38,9.82,10.24,10.34,-0.09999999999999964,-0.97,163035.86,163502.0112
655,002288.SZ,20160729,10.47,10.62,10.26,10.34,10.55,-0.21000000000000085,-1.99,91174.9,95014.2119
656,002288.SZ,20160728,10.45,10.6,10.0,10.55,10.37,0.1800000000000015,1.74,213478.61,220008.7357
657,002288.SZ,20160727,11.22,11.24,10.29,10.37,11.24,-0.870000000000001,-7.74,321477.32,344960.6312
658,002288.SZ,20160726,11.0,11.34,10.9,11.24,11.05,0.1899999999999995,1.72,287979.61,319847.9408
659,002288.SZ,20160725,11.3,11.3,10.9,11.05,11.05,0.0,0.0,335681.66,373418.8702
660,002288.SZ,20160722,10.8,11.16,10.75,11.05,10.76,0.2900000000000009,2.7,369509.03,403641.1138
661,002288.SZ,20160721,10.45,10.86,10.29,10.76,10.44,0.3200000000000003,3.07,334634.01,355620.803
662,002288.SZ,20160720,10.64,10.69,10.44,10.44,10.57,-0.13000000000000078,-1.23,139923.72,147241.009
663,002288.SZ,20160719,10.47,10.6,10.32,10.57,10.47,0.09999999999999964,0.96,177386.76,185284.8624
664,002288.SZ,20160718,10.52,10.8,10.36,10.47,10.66,-0.1899999999999995,-1.78,238184.61,251261.4682
665,002288.SZ,20160715,10.58,11.0,10.51,10.66,10.66,0.0,0.0,260322.27,278691.4828
666,002288.SZ,20160714,10.76,10.81,10.56,10.66,10.87,-0.20999999999999908,-1.93,250035.56,267200.4141
667,002288.SZ,20160713,10.49,10.96,10.45,10.87,10.52,0.34999999999999964,3.33,446519.14,476682.7489
668,002288.SZ,20160712,10.6,10.63,10.1,10.52,10.61,-0.08999999999999986,-0.85,326478.9,338506.0988
669,002288.SZ,20160711,10.55,10.74,10.5,10.61,10.64,-0.030000000000001137,-0.28,310684.86,329161.2386
670,002288.SZ,20160708,10.7,10.88,10.53,10.64,10.8,-0.16000000000000014,-1.48,454477.42,484666.7084
671,002288.SZ,20160707,10.22,10.98,10.14,10.8,10.3,0.5,4.85,753343.25,796898.1746
672,002288.SZ,20160706,10.1,10.48,10.01,10.3,10.15,0.15000000000000036,1.48,539516.09,554964.4009
673,002288.SZ,20160705,9.87,10.25,9.8,10.15,9.89,0.2599999999999998,2.63,527480.1,531527.9175
674,002288.SZ,20160704,9.68,10.03,9.61,9.89,9.76,0.13000000000000078,1.33,341359.92,336614.0454
675,002288.SZ,20160701,9.88,9.96,9.63,9.76,9.9,-0.14000000000000057,-1.41,254102.73,248138.401
676,002288.SZ,20160630,10.21,10.23,9.85,9.9,10.09,-0.1899999999999995,-1.88,358037.32,357572.9609
677,002288.SZ,20160629,9.78,10.28,9.63,10.09,9.74,0.34999999999999964,3.59,578189.76,574876.5832
678,002288.SZ,20160628,9.67,10.1,9.63,9.74,9.38,0.35999999999999943,3.84,541595.6,532994.4777
679,002288.SZ,20160627,9.09,9.42,9.08,9.38,9.08,0.3000000000000007,3.3,229524.46,213957.7224
680,002288.SZ,20160624,9.42,9.5,8.6,9.08,9.44,-0.35999999999999943,-3.81,336687.02,306921.6234
681,002288.SZ,20160623,9.69,9.72,9.32,9.44,9.66,-0.22000000000000064,-2.28,301417.05,286052.1266
682,002288.SZ,20160622,9.3,9.7,9.21,9.66,9.39,0.2699999999999996,2.88,307632.56,292550.2465
683,002288.SZ,20160621,9.97,9.99,9.26,9.39,9.84,-0.4499999999999993,-4.57,365203.43,353358.2497
684,002288.SZ,20160620,9.95,10.13,9.62,9.84,10.03,-0.1899999999999995,-1.89,356871.17,351597.9583
685,002288.SZ,20160617,9.88,10.18,9.68,10.03,9.88,0.14999999999999858,1.52,856574.2,850950.9245
686,002288.SZ,20160616,9.1,9.88,9.0,9.88,8.98,0.9000000000000004,10.02,902351.95,883560.7713
687,002288.SZ,20160615,8.78,9.15,8.66,8.98,8.69,0.2900000000000009,3.34,226320.9,202017.5607
688,002288.SZ,20160614,8.68,8.98,8.6,8.69,8.79,-0.09999999999999964,-1.14,141699.2,123859.4948
689,002288.SZ,20160613,9.75,9.75,8.78,8.79,9.76,-0.9700000000000006,-9.94,210013.48,196383.0479
690,002288.SZ,20160608,9.88,9.92,9.72,9.76,9.88,-0.120000000000001,-1.21,153979.95,150950.8897
691,002288.SZ,20160607,10.03,10.03,9.73,9.88,9.99,-0.10999999999999943,-1.1,197654.26,195076.2716
692,002288.SZ,20160606,10.18,10.18,9.85,9.99,10.06,-0.07000000000000028,-0.7,201200.78,200420.1809
693,002288.SZ,20160603,10.32,10.37,9.98,10.06,10.25,-0.1899999999999995,-1.85,314445.77,319085.6079
694,002288.SZ,20160602,10.1,10.47,10.07,10.25,10.22,0.02999999999999936,0.29,453088.48,463879.8074
695,002288.SZ,20160601,9.71,10.48,9.6,10.22,9.83,0.39000000000000057,3.97,607127.57,609048.4421
696,002288.SZ,20160531,9.49,9.9,9.39,9.83,9.54,0.2900000000000009,3.04,539280.91,521512.3463
697,002288.SZ,20160530,10.74,10.74,9.38,9.54,9.76,-0.22000000000000064,-2.25,786581.55,792826.8851
698,002288.SZ,20160527,9.76,9.76,9.76,9.76,8.87,0.8900000000000006,10.03,13132.02,12816.8515
